City_ID,City,Lat,Lng,Max Temp,Humidity,Cloudiness,Wind Speed,Country,Date
0,Mataura,-46.1927,168.8643,42.85,99,11,1.19,NZ,2023-01-12 15:25:25
1,Punta Arenas,-53.15,-70.9167,59.11,58,75,28.77,CL,2023-01-12 15:23:11
2,Castro,-24.7911,-50.0119,74.37,70,100,4.92,BR,2023-01-12 15:25:25
3,Mayo,38.8876,-76.5119,49.06,89,0,5.75,US,2023-01-12 15:25:26
4,Nabire,-3.3667,135.4833,78.21,88,100,2.37,ID,2023-01-12 15:25:09
5,Marzuq,14.4,46.4667,69.6,49,55,3.53,YE,2023-01-12 15:25:27
6,Sibolga,1.7427,98.7792,75.81,90,83,3.02,ID,2023-01-12 15:25:27
7,Tautira,-17.7333,-149.15,76.46,82,100,24.83,PF,2023-01-12 15:25:29
8,Vaini,-21.2,-175.2,78.96,94,75,9.22,TO,2023-01-12 15:25:31
9,Isangel,-19.55,169.2667,76.41,81,48,5.91,VU,2023-01-12 15:25:32
10,Salo,45.6086,10.531,53.51,69,39,2.82,IT,2023-01-12 15:25:33
11,Yurino,56.2942,46.3039,11.66,85,95,13.42,RU,2023-01-12 15:25:33
12,Hobart,-42.8794,147.3294,61.27,87,40,4.61,AU,2023-01-12 15:25:34
13,Alta Floresta,-9.8756,-56.0861,84.54,66,85,1.61,BR,2023-01-12 15:25:34
14,Ushuaia,-54.8,-68.3,55.06,58,40,14.97,AR,2023-01-12 15:20:41
15,Mercedes,-34.6515,-59.4307,86.58,20,22,7.94,AR,2023-01-12 15:25:35
16,Xuddur,4.1213,43.8894,86.38,21,14,13.33,SO,2023-01-12 15:25:35
17,Lulea,65.5842,22.1547,33.87,100,75,14.97,SE,2023-01-12 15:25:35
18,Tuktoyaktuk,69.4541,-133.0374,-23.8,76,0,9.22,CA,2023-01-12 15:25:36
19,Barra Patuca,15.8,-84.2833,78.33,81,25,6.96,HN,2023-01-12 15:25:36
20,Silver City,32.7701,-108.2803,38.62,34,0,4.0,US,2023-01-12 15:25:36
21,Rikitea,-23.1203,-134.9692,78.21,80,12,19.22,PF,2023-01-12 15:25:37
22,Xianshuigu,38.985,117.3828,35.6,93,100,8.95,CN,2023-01-12 15:25:37
23,Vostok,46.4856,135.8833,13.26,90,11,5.55,RU,2023-01-12 15:25:37
24,Kapaa,22.0752,-159.319,66.52,72,75,0.0,US,2023-01-12 15:25:38
25,Faya,18.3851,42.4509,57.31,71,14,7.7,SA,2023-01-12 15:25:38
26,New Norfolk,-42.7826,147.0587,60.93,98,41,1.05,AU,2023-01-12 15:25:38
27,Kamiiso,41.8167,140.65,34.38,85,0,4.63,JP,2023-01-12 15:25:39
28,Port Elizabeth,-33.918,25.5701,89.1,91,20,16.11,ZA,2023-01-12 15:25:39
29,Ancud,-41.8697,-73.8203,57.11,63,66,6.08,CL,2023-01-12 15:25:39
30,Nikolskoye,59.7035,30.7861,26.49,92,100,11.54,RU,2023-01-12 15:25:40
31,Najran,17.4924,44.1277,68.65,40,93,12.68,SA,2023-01-12 15:25:40
32,Hithadhoo,-0.6,73.0833,78.82,78,39,8.12,MV,2023-01-12 15:21:20
33,Ponta Do Sol,32.6667,-17.1,69.01,69,0,5.06,PT,2023-01-12 15:25:40
34,Lyuban,52.7985,28.0048,29.08,92,80,10.16,BY,2023-01-12 15:25:41
35,Carnarvon,-24.8667,113.6333,73.76,75,1,20.49,AU,2023-01-12 15:25:41
36,Nome,64.5011,-165.4064,10.47,79,100,11.5,US,2023-01-12 15:25:41
37,Bambous Virieux,-20.3428,57.7575,77.25,78,40,6.91,MU,2023-01-12 15:25:42
38,Cape Town,-33.9258,18.4232,77.11,60,40,16.11,ZA,2023-01-12 15:25:42
39,Broome,42.2506,-75.833,39.69,88,100,12.66,US,2023-01-12 15:25:42
40,Robertsport,6.7533,-11.3686,82.6,69,38,12.93,LR,2023-01-12 15:25:43
41,Coihaique,-45.5752,-72.0662,60.75,55,40,8.05,CL,2023-01-12 15:25:43
42,Asfi,32.2994,-9.2372,65.46,66,0,19.44,MA,2023-01-12 15:25:43
43,Mustasaari,63.1142,21.6822,37.35,87,100,16.11,FI,2023-01-12 15:25:44
44,Bethel,41.3712,-73.414,39.02,85,100,4.61,US,2023-01-12 15:26:44
45,Katsuura,35.1333,140.3,48.43,55,1,5.64,JP,2023-01-12 15:26:44
46,Lompoc,34.6391,-120.4579,56.79,93,0,9.22,US,2023-01-12 15:26:45
47,Sangar,63.9242,127.4739,-47.96,99,100,0.54,RU,2023-01-12 15:26:45
48,Muros,42.7762,-9.0603,58.08,77,100,14.41,ES,2023-01-12 15:26:45
49,Jamestown,42.097,-79.2353,44.19,73,100,9.22,US,2023-01-12 15:26:46
50,Avarua,-21.2078,-159.775,75.25,83,75,6.91,CK,2023-01-12 15:26:46
51,Mahebourg,-20.4081,57.7,77.29,78,40,6.91,MU,2023-01-12 15:26:35
52,Salinas,36.6777,-121.6555,54.57,88,0,19.57,US,2023-01-12 15:25:49
53,Irbil,36.1926,44.0106,49.82,37,99,6.91,IQ,2023-01-12 15:23:20
54,Totness,5.8833,-56.3167,79.63,82,92,9.98,SR,2023-01-12 15:26:46
55,Lebu,-37.6167,-73.65,59.58,65,36,19.22,CL,2023-01-12 15:26:47
56,Ilulissat,69.2167,-51.1,-22.9,74,22,4.83,GL,2023-01-12 15:26:47
57,Samarai,-10.6167,150.6667,80.15,79,85,4.97,PG,2023-01-12 15:23:14
58,Sain Alto,23.5833,-103.25,54.39,35,0,3.22,MX,2023-01-12 15:26:47
59,Busselton,-33.65,115.3333,62.51,94,1,8.52,AU,2023-01-12 15:26:48
60,Maceio,-9.6658,-35.7353,89.04,51,40,10.36,BR,2023-01-12 15:26:48
61,Khatanga,71.9667,102.5,-46.55,100,100,3.49,RU,2023-01-12 15:26:48
62,Hermanus,-34.4187,19.2345,79.81,54,4,23.94,ZA,2023-01-12 15:26:49
63,Moree,-29.4667,149.85,75.42,61,79,5.08,AU,2023-01-12 15:26:49
64,Albany,42.6001,-73.9662,35.17,89,100,3.0,US,2023-01-12 15:26:49
65,Port Hedland,-20.3167,118.5667,80.65,74,19,0.0,AU,2023-01-12 15:26:50
66,Namibe,-15.1961,12.1522,74.77,71,98,11.18,AO,2023-01-12 15:26:50
67,Murray Bridge,-35.1167,139.2667,64.35,78,44,6.33,AU,2023-01-12 15:26:50
68,Talnakh,69.4865,88.3972,-26.57,96,100,7.9,RU,2023-01-12 15:26:51
69,Bluff,-46.6,168.3333,50.9,80,10,4.5,NZ,2023-01-12 15:26:51
70,Atar,20.5169,-13.0499,82.42,8,0,13.11,MR,2023-01-12 15:26:51
71,College,64.8569,-147.8028,5.58,81,75,5.75,US,2023-01-12 15:26:49
72,Sitka,57.0531,-135.33,42.69,75,100,4.61,US,2023-01-12 15:26:52
73,Prince Rupert,54.3161,-130.3201,46.09,71,100,14.97,CA,2023-01-12 15:26:52
74,Atuona,-9.8,-139.0333,78.03,70,68,11.83,PF,2023-01-12 15:26:52
75,Brumunddal,60.881,10.9395,31.95,94,97,1.74,NO,2023-01-12 15:26:53
76,Newcastle,-32.9272,151.7765,71.71,85,8,3.44,AU,2023-01-12 15:25:22
77,San Pedro,14.35,121.0167,76.32,83,20,2.3,PH,2023-01-12 15:26:53
78,Kaitangata,-46.2817,169.8464,46.0,91,10,1.32,NZ,2023-01-12 15:26:54
79,Tarrafal,15.2833,-23.7667,79.59,69,0,20.54,CV,2023-01-12 15:26:54
80,Souillac,-20.5167,57.5167,77.38,78,40,6.91,MU,2023-01-12 15:26:54
81,Buarcos,40.166,-8.8768,60.67,73,100,2.04,PT,2023-01-12 15:26:55
82,Coquimbo,-29.9533,-71.3436,65.93,77,100,10.36,CL,2023-01-12 15:26:55
83,Upernavik,72.7868,-56.1549,-7.56,73,99,8.9,GL,2023-01-12 15:26:55
84,Flinders,-34.5833,150.8552,68.38,82,68,3.0,AU,2023-01-12 15:26:56
85,Port Alfred,-33.5906,26.891,76.17,89,49,5.01,ZA,2023-01-12 15:26:56
86,Sao Mateus,-18.7161,-39.8589,83.3,66,100,6.38,BR,2023-01-12 15:26:56
87,Cherskiy,68.75,161.3,-30.75,100,100,3.47,RU,2023-01-12 15:27:57
88,Yellowknife,62.456,-114.3525,5.52,85,100,9.22,CA,2023-01-12 15:27:57
89,Makokou,0.5738,12.8642,81.25,62,91,3.69,GA,2023-01-12 15:27:57
90,Griffith,41.5284,-87.4237,40.24,89,100,13.8,US,2023-01-12 15:27:57
91,Clyde River,70.4692,-68.5914,3.43,55,75,8.05,CA,2023-01-12 15:27:58
92,Tortoli,39.9256,9.6572,58.82,82,20,20.71,IT,2023-01-12 15:27:58
93,Nanortalik,60.1432,-45.2371,23.88,82,99,8.12,GL,2023-01-12 15:27:58
94,Ribeira Grande,38.5167,-28.7,63.0,100,75,13.0,PT,2023-01-12 15:27:59
95,Padilla,3.2204,-76.3139,67.57,80,94,3.18,CO,2023-01-12 15:27:59
96,Portland,45.5234,-122.6762,51.08,91,100,14.97,US,2023-01-12 15:23:39
97,Huilong,31.8111,121.655,59.94,99,100,11.34,CN,2023-01-12 15:27:59
98,Charters Towers,-20.1,146.2667,73.81,90,97,11.86,AU,2023-01-12 15:28:00
99,Alofi,-19.0595,-169.9187,78.69,94,24,4.61,NU,2023-01-12 15:28:00
100,Cairns,-16.9167,145.7667,79.07,100,100,1.14,AU,2023-01-12 15:28:00
101,Mizdah,31.4451,12.9801,60.04,37,79,11.36,LY,2023-01-12 15:28:01
102,Ipixuna,-1.7625,-48.8043,85.3,71,25,5.79,BR,2023-01-12 15:28:01
103,Butajira,8.1167,38.3667,67.78,34,38,12.53,ET,2023-01-12 15:28:01
104,Inhambane,-23.865,35.3833,78.78,94,75,6.91,MZ,2023-01-12 15:28:02
105,Dauphin,51.1494,-100.0502,17.74,95,100,2.3,CA,2023-01-12 15:27:02
106,Dunedin,-45.8742,170.5036,49.06,89,7,2.53,NZ,2023-01-12 15:26:02
107,Victoria,22.2855,114.1577,71.94,93,81,14.0,HK,2023-01-12 15:27:43
108,Puerto Ayora,-0.7393,-90.3518,80.56,90,72,3.0,EC,2023-01-12 15:28:04
109,Sorong,-0.8833,131.25,79.2,82,85,5.48,ID,2023-01-12 15:28:04
110,Rawson,-43.3002,-65.1023,61.11,56,100,32.44,AR,2023-01-12 15:28:05
111,Ballina,-28.8667,153.5667,64.02,99,68,1.81,AU,2023-01-12 15:28:05
112,Lorengau,-2.0226,147.2712,80.11,84,100,8.99,PG,2023-01-12 15:28:06
113,Zaykovo,57.5613,62.7568,10.81,83,99,12.03,RU,2023-01-12 15:28:06
114,Thompson,55.7435,-97.8558,-15.66,100,13,0.87,CA,2023-01-12 15:26:03
115,Karratha,-20.7377,116.8463,91.65,36,13,12.17,AU,2023-01-12 15:28:07
116,Inuvik,68.3499,-133.7218,-8.54,77,100,9.22,CA,2023-01-12 15:28:07
117,Port Blair,11.6667,92.75,77.04,83,20,0.0,IN,2023-01-12 15:24:30
118,Bredasdorp,-34.5322,20.0403,80.17,37,8,26.69,ZA,2023-01-12 15:28:09
119,Comodoro Rivadavia,-45.8667,-67.5,64.26,52,20,16.11,AR,2023-01-12 15:28:10
120,Vila,42.0304,-8.1588,42.69,87,100,5.48,PT,2023-01-12 15:27:56
121,Grand-Santi,4.25,-54.3833,81.63,75,95,4.23,GF,2023-01-12 15:28:12
122,Chapada Dos Guimaraes,-15.4606,-55.7497,74.86,78,98,6.35,BR,2023-01-12 15:28:13
123,Forbes,-33.3833,148.0167,73.92,48,65,9.42,AU,2023-01-12 15:28:14
124,Faanui,-16.4833,-151.75,81.39,74,100,22.79,PF,2023-01-12 15:28:15
125,Saint-Georges,12.0564,-61.7485,83.88,70,20,20.71,GD,2023-01-12 15:28:16
126,Bandarbeyla,9.4942,50.8122,76.5,67,86,20.87,SO,2023-01-12 15:28:16
127,Labuhan,-6.8844,112.2051,78.24,80,76,10.31,ID,2023-01-12 15:28:17
128,Korla,41.7597,86.1469,20.21,45,100,7.54,CN,2023-01-12 15:28:17
129,Berlevag,70.8578,29.0864,35.55,69,75,11.5,NO,2023-01-12 15:28:18
130,Lexington,37.9887,-84.4777,59.0,85,100,12.66,US,2023-01-12 15:28:12
131,Maniitsoq,65.4167,-52.9,1.98,70,6,7.67,GL,2023-01-12 15:28:19
132,Bengkulu,-3.8004,102.2655,76.93,84,99,3.4,ID,2023-01-12 15:28:19
133,Torbay,47.6666,-52.7314,19.89,79,75,20.71,CA,2023-01-12 15:28:20
134,Thomasville,35.8826,-80.082,55.08,84,100,5.99,US,2023-01-12 15:29:21
135,Grand Gaube,-20.0064,57.6608,77.4,70,57,5.99,MU,2023-01-12 15:29:22
136,Ucar,40.519,47.6542,37.58,100,100,1.79,AZ,2023-01-12 15:29:23
137,Jiazi,22.8779,116.067,67.1,92,96,10.2,CN,2023-01-12 15:29:23
138,Barrow,71.2906,-156.7887,-2.18,71,75,33.38,US,2023-01-12 15:29:24
139,Aklavik,68.2191,-135.0107,-7.6,84,100,4.61,CA,2023-01-12 15:29:24
140,Yeniseysk,58.4497,92.1703,-22.25,99,100,3.76,RU,2023-01-12 15:29:25
141,Sawakin,19.1059,37.3321,74.07,62,65,11.88,SD,2023-01-12 15:29:26
142,Hilo,19.7297,-155.09,71.28,72,75,5.75,US,2023-01-12 15:28:42
143,Jaltenango,15.8719,-92.7247,73.8,69,0,1.54,MX,2023-01-12 15:29:26
144,Roald,62.5833,6.1333,44.76,81,75,10.36,NO,2023-01-12 15:29:27
145,Brindisi,40.5833,17.6667,54.79,71,77,6.93,IT,2023-01-12 15:29:28
146,Qaanaaq,77.484,-69.3632,-4.58,98,100,3.04,GL,2023-01-12 15:29:28
147,Esperance,-33.8667,121.9,62.78,89,0,11.92,AU,2023-01-12 15:29:28
148,San Quintin,30.4833,-115.95,57.13,64,44,0.92,MX,2023-01-12 15:29:29
149,Tlanalapan,19.25,-97.2667,48.29,55,4,2.64,MX,2023-01-12 15:29:30
150,Tasiilaq,65.6145,-37.6368,8.76,62,100,6.13,GL,2023-01-12 15:29:30
151,Butaritari,3.0707,172.7902,80.06,81,100,14.79,KI,2023-01-12 15:29:31
152,Hofn,64.2539,-15.2082,32.02,55,0,13.8,IS,2023-01-12 15:29:31
153,Dingle,10.9995,122.6711,74.41,90,100,8.5,PH,2023-01-12 15:29:32
154,Matagami,49.7502,-77.6328,15.91,86,100,5.75,CA,2023-01-12 15:29:32
155,Moron,-34.6534,-58.6198,86.97,53,59,4.72,AR,2023-01-12 15:29:32
156,Qianan,44.9932,124.0581,33.28,93,100,11.32,CN,2023-01-12 15:29:33
157,Vestmanna,62.1564,-7.1664,36.52,81,40,10.36,FO,2023-01-12 15:29:33
158,Praia Da Vitoria,38.7333,-27.0667,66.45,88,40,11.86,PT,2023-01-12 15:29:33
159,Macau,22.2006,113.5461,69.6,100,75,9.22,MO,2023-01-12 15:28:42
160,Cidreira,-30.1811,-50.2056,83.91,51,2,7.02,BR,2023-01-12 15:29:34
161,Los Llanos De Aridane,28.6585,-17.9182,65.12,70,40,17.27,ES,2023-01-12 15:29:34
162,Chernyy Yar,48.0624,46.1091,16.0,72,12,17.6,RU,2023-01-12 15:29:35
163,Lavrentiya,65.5833,-171.0,7.23,96,100,4.85,RU,2023-01-12 15:29:35
164,Jalu,29.0331,21.5482,64.27,38,11,9.95,LY,2023-01-12 15:29:35
165,Norman Wells,65.282,-126.8329,-0.36,78,100,2.3,CA,2023-01-12 15:29:35
166,Emerald,-23.5333,148.1667,69.89,80,100,5.64,AU,2023-01-12 15:25:39
167,East London,-33.0153,27.9116,77.94,88,75,10.36,ZA,2023-01-12 15:29:36
168,Aswan,24.0934,32.907,67.39,21,0,8.7,EG,2023-01-12 15:29:36
169,Georgetown,5.4112,100.3354,80.53,92,20,3.44,MY,2023-01-12 15:27:03
170,Kloulklubed,7.0419,134.2556,73.9,81,100,7.36,PW,2023-01-12 15:29:37
171,Madison,34.7334,-86.5667,62.1,93,100,23.0,US,2023-01-12 15:25:39
172,Mandan,46.8267,-100.8896,-7.73,100,32,2.8,US,2023-01-12 15:29:38
173,Jasper,37.2001,-94.3502,32.05,85,100,17.27,US,2023-01-12 15:24:49
174,Zhanakorgan,43.9098,67.2495,13.44,43,0,7.9,KZ,2023-01-12 15:29:39
175,Puerto Escondido,15.85,-97.0667,77.83,88,0,4.61,MX,2023-01-12 15:29:39
176,Yar-Sale,66.8333,70.8333,-22.22,100,99,4.7,RU,2023-01-12 15:29:39
177,San Patricio,28.017,-97.5169,68.92,29,12,16.93,US,2023-01-12 15:29:40
178,Severnoye,56.3491,78.3619,2.59,94,100,13.4,RU,2023-01-12 15:29:40
179,Kodiak,57.79,-152.4072,33.31,93,100,3.44,US,2023-01-12 15:29:40
180,Kandrian,-6.2167,149.55,77.92,89,99,8.3,PG,2023-01-12 15:29:40
181,Sakakah,29.9697,40.2064,58.57,57,0,8.88,SA,2023-01-12 15:29:41
182,Wanning,18.8003,110.3967,73.09,91,85,6.17,CN,2023-01-12 15:30:41
183,Sorgun,39.8101,35.186,38.26,54,100,3.24,TR,2023-01-12 15:30:41
184,Sal Rei,16.1833,-22.9167,75.4,64,0,21.85,CV,2023-01-12 15:30:42
185,Chokurdakh,70.6333,147.9167,-32.84,97,100,6.44,RU,2023-01-12 15:30:43
186,Arraial Do Cabo,-22.9661,-42.0278,87.76,74,0,6.91,BR,2023-01-12 15:30:43
187,Laguna,38.421,-121.4238,56.08,83,0,4.61,US,2023-01-12 15:30:43
188,Coahuayana,18.7333,-103.6833,82.87,37,0,1.07,MX,2023-01-12 15:30:44
189,Nalut,30.3333,10.85,59.72,33,41,6.62,LY,2023-01-12 15:30:44
190,Ahipara,-35.1667,173.1667,60.91,90,29,3.4,NZ,2023-01-12 15:30:44
191,Tamandare,-8.7597,-35.1047,85.19,56,12,9.06,BR,2023-01-12 15:30:44
192,Madang,-5.2246,145.7966,75.25,91,99,5.37,PG,2023-01-12 15:30:45
193,Barabinsk,55.3571,78.357,4.39,93,100,15.5,RU,2023-01-12 15:30:45
194,Predivinsk,57.0669,93.4378,-15.3,90,85,6.17,RU,2023-01-12 15:30:45
195,Pisco,-13.7,-76.2167,73.02,88,40,8.05,PE,2023-01-12 15:30:46
196,Altay,47.8667,88.1167,-17.91,67,0,6.38,CN,2023-01-12 15:30:46
197,Klaksvik,62.2266,-6.589,38.32,96,100,24.99,FO,2023-01-12 15:30:47
198,Saint-Philippe,-21.3585,55.7679,74.1,78,100,11.3,RE,2023-01-12 15:30:47
199,Businga,3.3333,20.8833,89.24,27,27,2.39,CD,2023-01-12 15:30:47
200,Provideniya,64.3833,-173.3,1.8,96,91,8.9,RU,2023-01-12 15:30:48
201,Shimoda,34.6667,138.95,49.91,47,18,5.53,JP,2023-01-12 15:30:48
202,Sorland,67.667,12.6934,40.86,75,0,9.22,NO,2023-01-12 15:30:48
203,Beringovskiy,63.05,179.3167,-4.56,97,99,10.27,RU,2023-01-12 15:30:49
204,Booue,-0.0921,11.9385,80.28,81,92,1.48,GA,2023-01-12 15:30:49
205,Puerto Del Rosario,28.5004,-13.8627,69.55,73,40,21.85,ES,2023-01-12 15:30:49
206,Iralaya,15.0,-83.2333,80.1,77,6,10.09,HN,2023-01-12 15:30:50
207,Bonthe,7.5264,-12.505,86.13,58,1,13.96,SL,2023-01-12 15:30:50
208,Lewisporte,49.2499,-55.0482,15.55,62,22,7.38,CA,2023-01-12 15:30:51
209,Itarema,-2.9248,-39.9167,86.88,58,57,15.88,BR,2023-01-12 15:30:51
210,Raudeberg,61.9875,5.1352,39.87,9,100,8.84,NO,2023-01-12 15:30:51
211,Port Hardy,50.6996,-127.4199,44.78,93,100,25.32,CA,2023-01-12 15:30:52
212,Awbari,26.5921,12.7805,60.71,29,48,6.6,LY,2023-01-12 15:30:52
213,Taitung,22.7583,121.1444,69.21,78,35,6.24,TW,2023-01-12 15:30:52
214,La Ronge,55.1001,-105.2842,8.85,85,100,4.61,CA,2023-01-12 15:30:53
215,Araouane,18.9048,-3.5265,78.42,7,5,9.46,ML,2023-01-12 15:30:53
216,Airai,-8.9266,125.4092,60.58,90,100,0.67,TL,2023-01-12 15:30:53
217,Gulf Gate Estates,27.2517,-82.5147,71.96,59,0,5.01,US,2023-01-12 15:30:54
218,Pinsk,52.1229,26.0951,35.55,100,100,8.05,BY,2023-01-12 15:30:54
219,Skelleftea,64.7507,20.9528,37.0,100,100,11.5,SE,2023-01-12 15:30:54
220,Saldanha,-33.0117,17.9442,77.05,75,30,8.43,ZA,2023-01-12 15:30:55
221,Geraldton,-28.7667,114.6,70.21,83,0,11.5,AU,2023-01-12 15:30:55
222,Swarzedz,52.4129,17.085,49.89,65,75,13.8,PL,2023-01-12 15:30:55
223,Nuuk,64.1835,-51.7216,11.01,92,75,10.36,GL,2023-01-12 15:26:24
224,Vao,-22.6667,167.4833,75.24,73,6,8.01,NC,2023-01-12 15:30:56
225,Xining,36.6167,101.7667,24.76,62,93,2.93,CN,2023-01-12 15:30:56
226,Cuamba,-14.8031,36.5372,69.73,91,87,2.8,MZ,2023-01-12 15:30:56
227,Mehamn,71.0357,27.8492,35.51,75,75,17.27,NO,2023-01-12 15:30:57
228,Sept-Iles,50.2001,-66.3821,8.06,63,40,6.91,CA,2023-01-12 15:31:57
229,Chapais,49.7834,-74.8492,8.38,93,100,9.51,CA,2023-01-12 15:31:57
230,Yinchuan,38.4681,106.2731,29.32,37,100,10.4,CN,2023-01-12 15:31:58
231,Nosy Varika,-20.5833,48.5333,77.25,75,78,6.15,MG,2023-01-12 15:31:58
232,Chuy,-33.6971,-53.4616,78.17,59,31,10.98,UY,2023-01-12 15:31:58
233,Pauini,-7.7136,-66.9764,85.39,68,96,3.27,BR,2023-01-12 15:31:59
234,Caledon East,43.8691,-79.8669,37.11,99,100,0.54,CA,2023-01-12 15:31:59
235,Mattru,7.6244,-11.8332,97.02,27,8,1.57,SL,2023-01-12 15:31:59
236,Matadi,-5.8167,13.45,77.81,87,100,4.85,CD,2023-01-12 15:32:00
237,Palmer,42.1584,-72.3287,35.15,84,100,4.61,US,2023-01-12 15:32:00
238,Mozarlandia,-14.7447,-50.5706,85.17,65,87,2.42,BR,2023-01-12 15:32:00
239,Salalah,17.0151,54.0924,77.09,73,0,3.44,OM,2023-01-12 15:32:01
240,Eureka,40.8021,-124.1637,65.01,61,100,10.0,US,2023-01-12 15:32:01
241,Porto Novo,6.4965,2.6036,87.62,56,25,11.56,BJ,2023-01-12 15:32:01
242,Henties Bay,-22.116,14.2845,67.39,76,87,16.15,NA,2023-01-12 15:32:02
243,Mountain Home,43.133,-115.6912,39.15,68,100,17.27,US,2023-01-12 15:32:03
244,Kahului,20.8947,-156.47,70.84,68,0,10.36,US,2023-01-12 15:32:03
245,San Andres,12.5847,-81.7006,84.22,70,20,16.11,CO,2023-01-12 15:32:04
246,Bathsheba,13.2167,-59.5167,83.01,74,20,18.41,BB,2023-01-12 15:32:04
247,Naze,28.3667,129.4833,67.12,65,67,17.43,JP,2023-01-12 15:32:06
248,Caravelas,-17.7125,-39.2481,85.68,59,93,10.18,BR,2023-01-12 15:32:07
249,Bairnsdale,-37.8333,147.6167,61.54,97,17,3.85,AU,2023-01-12 15:32:09
250,Lagoa,39.05,-27.9833,61.2,91,100,22.24,PT,2023-01-12 15:32:09
251,Khash,28.2211,61.2158,29.95,38,1,6.58,IR,2023-01-12 15:32:11
252,Tura,25.5198,90.2201,57.45,53,0,2.89,IN,2023-01-12 15:32:12
253,The Pas,53.8251,-101.2541,6.82,85,100,5.75,CA,2023-01-12 15:30:43
254,Ayan,56.45,138.1667,-5.01,74,100,8.81,RU,2023-01-12 15:32:13
255,Cap Malheureux,-19.9842,57.6142,77.47,70,40,5.99,MU,2023-01-12 15:32:15
256,Leningradskiy,69.3833,178.4167,-15.41,100,100,4.12,RU,2023-01-12 15:32:16
257,Ostrovnoy,68.0531,39.5131,28.0,87,100,26.57,RU,2023-01-12 15:32:16
258,Rundu,-17.9333,19.7667,91.11,19,94,7.45,NA,2023-01-12 15:32:17
259,Texarkana,33.4251,-94.0477,52.02,59,0,17.27,US,2023-01-12 15:31:07
260,Makakilo City,21.3469,-158.0858,68.68,71,20,3.44,US,2023-01-12 15:32:19
261,Saint George,37.1041,-113.5841,36.79,82,0,3.44,US,2023-01-12 15:29:41
262,Touros,-5.1989,-35.4608,86.49,56,22,14.16,BR,2023-01-12 15:32:21
263,Wiwili,13.6268,-85.8254,78.19,69,85,5.93,NI,2023-01-12 15:32:23
264,Luganville,-15.5333,167.1667,77.86,87,97,4.79,VU,2023-01-12 15:32:24
265,Tarancon,40.0085,-3.0073,49.14,56,7,4.43,ES,2023-01-12 15:32:24
266,Verkhozim,52.7122,45.418,5.9,83,12,12.46,RU,2023-01-12 15:32:25
267,Mount Gambier,-37.8333,140.7667,56.82,96,76,6.04,AU,2023-01-12 15:32:26
268,Saskylakh,71.9167,114.0833,-34.44,96,100,3.58,RU,2023-01-12 15:32:27
269,Carbonia,39.1672,8.5222,58.15,69,44,15.3,IT,2023-01-12 15:32:29
270,Uvinza,-5.1036,30.3911,68.36,93,92,0.98,TZ,2023-01-12 15:32:30
271,Bullhead City,35.1478,-114.5683,51.94,63,20,20.71,US,2023-01-12 15:30:08
272,Saint Anthony,45.0205,-93.218,24.75,82,100,14.97,US,2023-01-12 15:32:30
273,Camargo,27.6667,-105.1667,56.52,26,0,8.25,MX,2023-01-12 15:32:31
274,Katobu,-4.9408,122.5276,75.67,89,100,1.79,ID,2023-01-12 15:33:32
275,Kismayo,-0.3582,42.5454,77.72,76,46,17.09,SO,2023-01-12 15:33:32
276,Manokwari,-0.8667,134.0833,78.22,82,78,3.18,ID,2023-01-12 15:33:32
277,Bowen,-20.0167,148.2333,78.33,83,100,12.73,AU,2023-01-12 15:33:33
278,Hami,42.8,93.45,15.15,23,100,18.5,CN,2023-01-12 15:33:33
279,Conceicao Do Araguaia,-8.2578,-49.2647,88.5,54,2,5.32,BR,2023-01-12 15:33:33
280,Tommot,58.9564,126.2925,-25.28,99,100,2.73,RU,2023-01-12 15:33:34
281,Lata,40.1629,-8.3327,58.08,74,100,3.83,PT,2023-01-12 15:33:34
282,Huarmey,-10.0681,-78.1522,73.69,72,91,9.73,PE,2023-01-12 15:33:34
283,Biak,-0.9131,122.8766,76.03,79,100,3.09,ID,2023-01-12 15:33:35
284,Port Lincoln,-34.7333,135.8667,64.36,81,74,8.93,AU,2023-01-12 15:33:35
285,Nemuro,43.3236,145.575,32.36,83,5,2.3,JP,2023-01-12 15:33:35
286,Adelaide,-34.9333,138.6,76.05,32,0,3.44,AU,2023-01-12 15:33:36
287,Kavieng,-2.5744,150.7967,80.29,80,94,4.99,PG,2023-01-12 15:33:36
288,Nova Olinda Do Norte,-3.8881,-59.0942,89.92,53,32,6.31,BR,2023-01-12 15:33:36
289,Palestine,31.9216,35.2033,50.94,78,58,5.64,PS,2023-01-12 15:33:37
290,San Cristobal,7.7669,-72.225,68.18,64,100,5.53,VE,2023-01-12 15:33:37
291,Pevek,69.7008,170.3133,-22.63,93,6,3.49,RU,2023-01-12 15:33:37
292,De Aar,-30.6497,24.0123,85.78,37,75,18.41,ZA,2023-01-12 15:33:38
293,Tiksi,71.6872,128.8694,-32.04,99,100,7.85,RU,2023-01-12 15:33:38
294,Sistranda,63.7256,8.834,39.16,75,99,17.18,NO,2023-01-12 15:33:38
295,Kavaratti,10.5669,72.642,81.16,63,100,6.31,IN,2023-01-12 15:33:39
296,Charcas,23.1333,-101.1167,62.42,22,0,1.63,MX,2023-01-12 15:33:39
297,Mathathane,-22.2687,28.7495,88.23,19,0,14.58,BW,2023-01-12 15:33:39
298,Catarroja,39.4,-0.4,66.99,52,0,8.01,ES,2023-01-12 15:33:40
299,Tuatapere,-46.1333,167.6833,45.77,95,14,3.44,NZ,2023-01-12 15:33:40
300,Kachug,53.9606,105.8817,-15.48,92,97,4.59,RU,2023-01-12 15:33:40
301,Atikokan,48.7555,-91.6216,10.13,93,86,7.52,CA,2023-01-12 15:33:41
302,Little Current,45.9793,-81.9248,33.42,99,100,6.24,CA,2023-01-12 15:33:41
303,Biltine,14.5333,20.9167,79.21,15,61,9.31,TD,2023-01-12 15:33:41
304,Nishihara,26.1842,127.7558,69.46,73,0,16.11,JP,2023-01-12 15:33:42
305,Camacha,33.0833,-16.3333,62.02,63,40,11.5,PT,2023-01-12 15:33:42
306,Gwembe,-16.4975,27.6069,70.79,81,31,4.45,ZM,2023-01-12 15:33:42
307,Ofaqim,31.3141,34.6203,58.71,60,23,5.55,IL,2023-01-12 15:33:43
308,Sur,22.5667,59.5289,67.19,56,59,20.22,OM,2023-01-12 15:33:43
309,Uruzgan,32.8333,66.0,24.48,55,6,3.85,AF,2023-01-12 15:33:43
310,Akom,2.6678,12.7109,89.28,19,90,2.71,CM,2023-01-12 15:33:44
311,Bangkalan,-7.0455,112.7351,78.75,81,87,6.46,ID,2023-01-12 15:33:44
312,Gouyave,12.1646,-61.7296,83.17,70,20,20.71,GD,2023-01-12 15:33:44
313,Aykino,62.2248,49.9922,13.1,92,100,10.0,RU,2023-01-12 15:33:45
314,Codrington,-38.2667,141.9667,59.4,95,52,7.85,AU,2023-01-12 15:33:45
315,Jilin,43.0,126.0,25.52,91,100,3.13,CN,2023-01-12 15:33:45
316,Longyearbyen,78.2186,15.6401,28.24,74,75,10.36,SJ,2023-01-12 15:33:46
317,Saint-Augustin,51.226,-58.6502,10.63,75,20,6.44,CA,2023-01-12 15:33:46
318,Harper,4.375,-7.7169,84.22,65,40,9.48,LR,2023-01-12 15:33:46
319,Mar Del Plata,-38.0023,-57.5575,76.82,50,0,5.75,AR,2023-01-12 15:30:07
320,Thinadhoo,0.5333,72.9333,80.44,73,77,12.59,MV,2023-01-12 15:34:47
321,Marsh Harbour,26.5412,-77.0636,72.77,58,26,9.08,BS,2023-01-12 15:34:47
322,Belyy Yar,53.6039,91.3903,-20.31,76,29,2.24,RU,2023-01-12 15:34:47
323,Villazon,-22.0866,-65.5942,64.69,28,0,4.9,BO,2023-01-12 15:34:48
324,Snasa,64.2457,12.3778,38.61,92,100,10.54,NO,2023-01-12 15:34:48
325,Cayenne,4.9333,-52.3333,76.95,91,100,10.58,GF,2023-01-12 15:34:48
326,Asau,46.4333,26.4,29.32,98,100,2.19,RO,2023-01-12 15:34:49
327,Dikson,73.5069,80.5464,-19.88,91,100,11.45,RU,2023-01-12 15:34:49
328,Batagay-Alyta,67.8006,130.4114,-35.81,99,100,2.39,RU,2023-01-12 15:34:49
329,Vardo,70.3705,31.1107,37.38,81,75,17.27,NO,2023-01-12 15:34:50
330,Kalmunai,7.4167,81.8167,73.62,74,52,7.49,LK,2023-01-12 15:34:50
331,Vila Do Maio,15.1333,-23.2167,79.59,70,0,20.4,CV,2023-01-12 15:34:50
332,Taranagar,28.6709,75.0351,60.89,45,0,1.88,IN,2023-01-12 15:34:50
333,Jiayuguan,39.8167,98.3,12.25,35,100,7.65,CN,2023-01-12 15:34:51
334,Terney,45.0503,136.6092,25.2,76,6,5.37,RU,2023-01-12 15:34:51
335,Tazovskiy,67.4667,78.7,-27.85,98,89,9.91,RU,2023-01-12 15:34:51
336,Bauchi,10.5,10.0,83.17,15,2,7.25,NG,2023-01-12 15:34:52
337,Kungurtug,50.5994,97.5228,-30.69,99,67,1.41,RU,2023-01-12 15:34:52
338,Leskovik,40.1514,20.5972,37.67,73,99,2.59,AL,2023-01-12 15:34:52
339,Charlotte,35.2271,-80.8431,59.58,89,100,10.36,US,2023-01-12 15:32:27
340,Maun,-19.9833,23.4167,93.16,20,0,8.05,BW,2023-01-12 15:34:53
341,Rusape,-18.5278,32.1284,70.41,58,15,7.18,ZW,2023-01-12 15:34:53
342,Riberalta,-10.9833,-66.1,86.2,70,75,6.91,BO,2023-01-12 15:34:53
343,Soure,-0.7167,-48.5233,81.23,81,71,11.5,BR,2023-01-12 15:31:41
344,Willemstad,12.1084,-68.9335,80.51,78,20,10.36,CW,2023-01-12 15:34:54
345,Redmond,47.674,-122.1215,49.37,92,100,5.01,US,2023-01-12 15:34:04
346,San Ramon De La Nueva Oran,-23.1322,-64.326,95.43,28,0,5.75,AR,2023-01-12 15:34:54
347,Richards Bay,-28.783,32.0377,77.59,65,1,11.88,ZA,2023-01-12 15:34:55
348,Sarandi,-23.4436,-51.8739,78.35,78,75,8.05,BR,2023-01-12 15:30:43
349,Margate,51.3813,1.3862,53.87,84,100,8.99,GB,2023-01-12 15:34:55
350,Jonesboro,35.8423,-90.7043,55.17,93,100,6.91,US,2023-01-12 15:31:33
351,Shalinskoye,55.7228,93.7594,-7.49,77,77,12.91,RU,2023-01-12 15:34:55
352,Brae,60.3964,-1.353,42.1,84,45,10.16,GB,2023-01-12 15:34:56
353,Eastbourne,50.7687,0.2845,53.11,91,100,11.01,GB,2023-01-12 15:34:56
354,Hasaki,35.7333,140.8333,30.6,59,23,8.32,JP,2023-01-12 15:34:56
355,Grindavik,63.8424,-22.4338,30.67,64,40,9.22,IS,2023-01-12 15:34:57
356,Agirish,61.9247,63.0231,5.58,93,38,6.71,RU,2023-01-12 15:34:57
357,Severobaykalsk,55.65,109.3167,-15.09,91,96,5.06,RU,2023-01-12 15:34:57
358,Beloha,-25.1667,45.05,76.5,78,30,15.61,MG,2023-01-12 15:34:58
359,Mbanza-Ngungu,-5.25,14.8667,73.87,86,90,3.96,CD,2023-01-12 15:34:58
360,Kaa-Khem,51.6833,94.7333,-26.48,88,6,4.68,RU,2023-01-12 15:34:58
361,Asmara,15.3333,38.9333,54.18,86,90,3.51,ER,2023-01-12 15:34:59
362,Adrar,20.5022,-10.0711,77.22,8,0,11.99,MR,2023-01-12 15:34:59
363,Svetlyy,54.675,20.1347,44.65,78,100,22.46,RU,2023-01-12 15:34:59
364,Auki,-8.7676,160.7034,77.45,84,99,5.06,SB,2023-01-12 15:35:00
365,Magadan,59.5667,150.8,-4.14,98,99,3.47,RU,2023-01-12 15:35:00
366,Mombetsu,44.3525,143.3525,28.15,84,6,5.12,JP,2023-01-12 15:35:00
367,Tres Arroyos,-38.3739,-60.2798,77.83,23,6,16.44,AR,2023-01-12 15:36:01
368,Moerai,-22.4333,-151.3333,76.53,87,100,20.6,PF,2023-01-12 15:36:01
369,Sohbatpur,28.5202,68.5434,56.62,18,0,11.43,PK,2023-01-12 15:36:01
370,Yarmouth,41.7057,-70.2286,42.96,81,100,12.66,US,2023-01-12 15:36:01
371,Nobres,-14.7203,-56.3275,80.65,77,97,5.82,BR,2023-01-12 15:36:02
372,Ribas Do Rio Pardo,-20.4431,-53.7592,83.73,64,26,10.4,BR,2023-01-12 15:36:02
373,Chesma,53.8111,60.6533,9.39,63,98,20.74,RU,2023-01-12 15:36:02
374,Roma,43.2128,-75.4557,38.82,89,100,10.36,US,2023-01-12 15:36:03
375,Kamaishi,39.2667,141.8833,42.48,80,45,5.3,JP,2023-01-12 15:36:03
376,Buraydah,26.326,43.975,55.85,55,14,8.43,SA,2023-01-12 15:34:41
377,Goroka,-6.0834,145.3873,59.07,97,100,1.5,PG,2023-01-12 15:36:04
378,Puerto Rondon,6.2805,-71.1,86.18,57,84,8.43,CO,2023-01-12 15:36:04
379,Sampang,-7.1872,113.2394,80.8,75,66,8.75,ID,2023-01-12 15:36:04
380,Kohila,59.1681,24.7575,36.82,98,100,14.58,EE,2023-01-12 15:36:05
381,Nivala,63.9167,24.9667,35.69,87,100,13.02,FI,2023-01-12 15:36:05
382,Constitucion,-35.3333,-72.4167,68.76,45,11,14.5,CL,2023-01-12 15:36:05
383,Sinnamary,5.3833,-52.95,76.69,90,100,9.86,GF,2023-01-12 15:36:06
384,Mogadishu,2.0371,45.3438,77.94,83,46,20.92,SO,2023-01-12 15:34:05
385,Nouadhibou,20.931,-17.0347,80.58,21,0,8.05,MR,2023-01-12 15:36:06
386,Luis Gil Perez,17.8667,-93.05,75.9,78,14,1.25,MX,2023-01-12 15:36:06
387,Noumea,-22.2763,166.4572,73.38,79,13,4.54,NC,2023-01-12 15:31:28
388,Tolyatti,53.5303,49.3461,3.88,83,66,13.47,RU,2023-01-12 15:36:07
389,Vredendal,-31.6683,18.5012,73.81,48,13,15.95,ZA,2023-01-12 15:36:07
390,Esil,51.9556,66.4042,4.62,84,99,12.21,KZ,2023-01-12 15:36:07
391,Heidenau,50.9722,13.8674,47.93,90,75,14.97,DE,2023-01-12 15:36:08
392,Hamilton,39.1834,-84.5333,54.93,97,75,9.22,US,2023-01-12 15:32:01
393,Ailigandi,9.2333,-78.0167,78.6,85,99,10.4,PA,2023-01-12 15:36:08
394,Barra Do Bugres,-15.0725,-57.1811,84.43,64,100,5.46,BR,2023-01-12 15:34:34
395,Tevriz,57.509,72.4042,10.22,92,100,8.79,RU,2023-01-12 15:36:08
396,Nouakchott,18.0858,-15.9785,85.93,21,0,12.15,MR,2023-01-12 15:34:59
397,Duncan,34.5023,-97.9578,43.02,61,0,21.85,US,2023-01-12 15:35:30
398,Cozumel,20.5083,-86.9458,81.07,75,0,9.22,MX,2023-01-12 15:35:13
399,Sedalia,38.7045,-93.2283,33.71,80,100,13.8,US,2023-01-12 15:36:09
400,Khorixas,-20.3667,14.9667,99.0,12,96,7.29,NA,2023-01-12 15:36:09
401,Port Hawkesbury,45.6169,-61.3485,28.58,75,100,11.99,CA,2023-01-12 15:36:10
402,Kirakira,-10.4544,161.9205,78.78,85,86,4.0,SB,2023-01-12 15:36:10
403,Surt,31.2089,16.5887,61.88,66,97,13.51,LY,2023-01-12 15:36:11
404,Pavullo Nel Frignano,44.3315,10.835,44.24,73,60,0.27,IT,2023-01-12 15:36:11
405,Kaputa,-8.4689,29.6619,69.66,81,96,5.88,ZM,2023-01-12 15:36:11
406,Pacific Grove,36.6177,-121.9166,52.9,89,0,4.0,US,2023-01-12 15:36:12
407,Toyooka,35.5333,134.8333,46.04,85,16,6.31,JP,2023-01-12 15:36:12
408,Taoudenni,22.6783,-3.9836,80.69,11,0,8.99,ML,2023-01-12 15:36:12
409,Lasa,46.6166,10.7002,43.68,87,97,1.99,IT,2023-01-12 15:36:13
410,Martapura,-3.4167,114.85,75.29,100,62,3.44,ID,2023-01-12 15:36:13
411,Ruda Nad Moravou,49.981,16.8778,46.96,92,100,8.25,CZ,2023-01-12 15:36:13
412,San Carlos,9.6612,-68.5827,90.86,41,43,3.13,VE,2023-01-12 15:36:13
413,Port-Cartier,50.0334,-66.8654,7.75,70,87,2.35,CA,2023-01-12 15:36:14
414,Genhe,50.7833,121.5167,2.1,72,100,10.8,CN,2023-01-12 15:36:14
415,Guerrero Negro,27.9769,-114.0611,62.96,46,2,0.72,MX,2023-01-12 15:37:15
416,Omboue,-1.5746,9.2618,80.22,73,100,4.32,GA,2023-01-12 15:37:15
417,Kawalu,-7.3817,108.2082,72.61,97,95,1.19,ID,2023-01-12 15:37:15
418,Tiarei,-17.5333,-149.3333,78.82,82,100,16.53,PF,2023-01-12 15:37:16
419,Deputatskiy,69.3,139.9,-45.89,94,92,5.12,RU,2023-01-12 15:37:17
420,Pleasanton,37.6624,-121.8747,57.78,87,0,4.61,US,2023-01-12 15:36:29
421,Caranavi,-15.8167,-67.55,80.73,63,43,3.67,BO,2023-01-12 15:37:17
422,Pangody,65.85,74.4859,-14.94,99,93,5.88,RU,2023-01-12 15:37:18
423,Frontera,26.9333,-101.45,64.33,42,0,16.11,MX,2023-01-12 15:32:49
424,Hay River,60.8156,-115.7999,17.58,93,100,5.75,CA,2023-01-12 15:35:42
425,Fonte Boa,-2.4959,-66.2662,85.41,70,27,4.83,BR,2023-01-12 15:37:19
426,Mersing,2.4312,103.8405,80.51,83,20,4.61,MY,2023-01-12 15:37:20
427,Minudasht,37.2289,55.3747,36.97,60,0,0.0,IR,2023-01-12 15:37:20
428,Kenora,49.8167,-94.4337,11.37,85,100,8.05,CA,2023-01-12 15:37:21
429,Culpeper,38.5004,-77.9664,44.42,95,100,5.93,US,2023-01-12 15:36:07
430,Killybegs,54.6333,-8.45,44.31,85,100,43.58,IE,2023-01-12 15:37:23
431,Severo-Kurilsk,50.6789,156.125,24.28,74,99,33.33,RU,2023-01-12 15:37:23
432,Villa Guerrero,18.8667,-99.65,65.82,40,1,2.21,MX,2023-01-12 15:37:24
433,Solvychegodsk,61.3305,46.9156,15.91,90,100,11.72,RU,2023-01-12 15:37:24
434,Krosno Odrzanskie,52.0549,15.0988,47.86,82,100,14.88,PL,2023-01-12 15:37:24
435,Strezhevoy,60.7333,77.5889,4.23,96,100,7.31,RU,2023-01-12 15:37:25
436,Northam,51.0333,-4.2167,50.4,77,75,26.15,GB,2023-01-12 15:37:25
437,Osoyoos,49.0331,-119.4524,39.96,93,100,12.66,CA,2023-01-12 15:37:26
438,Panalingaan,8.7842,117.4231,78.66,83,98,0.92,PH,2023-01-12 15:37:26
439,Ascension,30.2169,-90.9001,73.4,89,100,9.22,US,2023-01-12 15:37:28
440,Kochubey,44.3861,46.5825,36.5,69,97,32.79,RU,2023-01-12 15:37:29
441,Olinda,-8.0089,-34.8553,85.73,62,40,8.05,BR,2023-01-12 15:37:30
442,Upata,8.0086,-62.3989,83.19,57,98,7.63,VE,2023-01-12 15:37:31
443,Paita,-5.0892,-81.1144,74.21,67,100,9.69,PE,2023-01-12 15:37:31
444,Waipawa,-41.4122,175.5153,51.49,87,80,5.86,NZ,2023-01-12 15:37:32
445,San Vicente,-26.6167,-54.1333,89.92,32,16,5.14,AR,2023-01-12 15:37:32
446,Havelock,34.8791,-76.9013,67.98,72,75,7.0,US,2023-01-12 15:34:04
447,Monforte De Lemos,42.5216,-7.5142,50.58,77,100,3.69,ES,2023-01-12 15:37:33
448,Kruisfontein,-34.0033,24.7314,86.88,87,39,23.0,ZA,2023-01-12 15:37:33
449,Cabedelo,-6.9811,-34.8339,88.47,62,95,13.02,BR,2023-01-12 15:37:34
450,Mattoon,39.4831,-88.3728,44.04,87,100,19.57,US,2023-01-12 15:37:34
451,Ullal,12.8,74.85,77.95,69,29,0.0,IN,2023-01-12 15:37:34
452,Panzhihua,26.5851,101.7128,49.64,58,0,0.18,CN,2023-01-12 15:37:35
453,Parkes,-33.1333,148.1833,72.36,54,85,1.01,AU,2023-01-12 15:37:35
454,Hailey,43.5196,-114.3153,24.66,86,100,9.22,US,2023-01-12 15:37:35
455,Sao Filipe,14.8961,-24.4956,75.43,63,0,12.3,CV,2023-01-12 15:37:35
456,Fortuna,40.5982,-124.1573,64.74,71,100,27.63,US,2023-01-12 15:37:36
457,Goldsboro,35.3849,-77.9928,66.18,55,100,10.36,US,2023-01-12 15:35:33
458,Zhireken,52.8249,117.3076,-11.83,79,1,6.33,RU,2023-01-12 15:37:36
459,Bratsk,56.1325,101.6142,-15.66,86,100,10.58,RU,2023-01-12 15:38:37
460,Port Augusta,-32.5,137.7667,78.85,35,3,9.13,AU,2023-01-12 15:38:37
461,Marrakesh,31.6315,-8.0083,68.07,45,40,4.61,MA,2023-01-12 15:34:00
462,Baykit,61.67,96.37,-34.17,100,99,1.52,RU,2023-01-12 15:38:37
463,Dickinson,29.4608,-95.0513,65.98,44,0,10.36,US,2023-01-12 15:38:38
464,Fort Nelson,58.8053,-122.7002,-11.88,100,56,1.07,CA,2023-01-12 15:38:38
465,Zhuanghe,39.7008,122.9911,35.01,91,100,14.09,CN,2023-01-12 15:38:38
466,Port Pirie,-33.1833,138.0167,80.08,27,3,5.82,AU,2023-01-12 15:38:39
467,Kutum,14.2,24.6667,68.23,18,51,10.42,SD,2023-01-12 15:38:39
468,Rio Cuarto,-33.1307,-64.3499,64.17,82,75,3.44,AR,2023-01-12 15:38:39
469,High Level,58.5169,-117.136,17.71,100,100,2.3,CA,2023-01-12 15:38:40
470,Binzhou,37.3667,118.0167,45.21,86,100,8.79,CN,2023-01-12 15:38:40
471,Arlit,18.7369,7.3853,78.08,8,5,6.44,NE,2023-01-12 15:38:40
472,Dabakala,8.3667,-4.4333,95.76,10,28,5.14,CI,2023-01-12 15:38:41
473,Sanlucar La Mayor,37.3871,-6.2011,63.55,61,0,4.61,ES,2023-01-12 15:38:41
474,Jibuti,11.5,42.5,71.38,60,19,13.91,DJ,2023-01-12 15:35:39
475,Vanavara,60.34,102.2797,-28.73,97,98,6.8,RU,2023-01-12 15:38:41
476,Metlika,45.6472,15.3142,46.29,94,99,2.77,SI,2023-01-12 15:38:42
477,Mao,39.8885,4.2658,59.56,63,20,8.05,ES,2023-01-12 15:38:42
478,Kaeo,-35.1,173.7833,60.33,94,65,5.08,NZ,2023-01-12 15:38:42
479,Lumberton,34.6182,-79.0086,67.82,72,100,10.36,US,2023-01-12 15:38:43
480,Srednekolymsk,67.45,153.6833,-26.97,99,100,7.23,RU,2023-01-12 15:38:43
481,Iqaluit,63.7506,-68.5145,-20.31,68,75,3.44,CA,2023-01-12 15:38:43
482,Santiago,-33.4569,-70.6483,84.29,31,0,9.22,CL,2023-01-12 15:36:25
483,Ituverava,-20.3394,-47.7806,78.71,73,92,5.79,BR,2023-01-12 15:38:44
484,Axim,4.8699,-2.2405,83.57,67,100,11.25,GH,2023-01-12 15:38:44
485,Barcelos,41.5388,-8.6151,53.92,82,100,3.47,PT,2023-01-12 15:38:44
486,Tamiahua,21.2667,-97.45,76.51,78,22,6.58,MX,2023-01-12 15:38:45
487,Ankazoabo,-22.2833,44.5167,76.68,78,100,3.47,MG,2023-01-12 15:38:45
488,Bayshore Gardens,27.4253,-82.5904,74.23,56,0,4.61,US,2023-01-12 15:38:45
489,Jackson,42.4165,-122.8345,51.04,89,100,1.99,US,2023-01-12 15:36:13
490,Armizonskoye,55.9461,67.6736,9.09,90,100,17.16,RU,2023-01-12 15:38:46
491,Luba,3.4568,8.5547,85.89,73,63,7.47,GQ,2023-01-12 15:38:46
492,Nowogard,53.6744,15.1163,50.97,81,75,14.97,PL,2023-01-12 15:38:46
493,Tutoia,-2.7619,-42.2744,85.53,62,67,13.67,BR,2023-01-12 15:38:47
494,Sola,-13.8833,167.55,75.87,100,100,2.3,VU,2023-01-12 15:38:47
495,Torrijos,39.9819,-4.2835,53.85,59,22,5.82,ES,2023-01-12 15:38:47
496,Payo,-3.7508,103.6372,73.99,97,98,2.51,ID,2023-01-12 15:38:48
497,Owen Sound,44.5672,-80.9435,36.32,97,100,1.01,CA,2023-01-12 15:38:48
498,Le Pont-De-Claix,45.1244,5.7064,48.61,79,99,0.81,FR,2023-01-12 15:38:48
499,Evensk,61.95,159.2333,6.66,84,100,5.91,RU,2023-01-12 15:38:48
500,Great Yarmouth,52.6083,1.7305,55.65,84,100,26.49,GB,2023-01-12 15:38:49
501,Marilia,-22.2139,-49.9458,76.59,68,100,8.57,BR,2023-01-12 15:38:49
502,San Policarpo,12.1791,125.5072,77.63,90,100,18.63,PH,2023-01-12 15:38:49
503,Lakes Entrance,-37.8811,147.981,62.96,97,42,7.02,AU,2023-01-12 15:38:50
504,Padang,-0.9492,100.3543,77.05,86,99,3.06,ID,2023-01-12 15:38:50
505,Chippewa Falls,44.9369,-91.3929,30.97,86,100,11.5,US,2023-01-12 15:38:50
506,Summerside,46.3959,-63.7876,22.46,73,100,2.3,CA,2023-01-12 15:38:51
507,Teseney,15.11,36.6575,80.98,32,23,10.87,ER,2023-01-12 15:39:51
508,Eyl,7.9803,49.8164,76.32,67,39,21.88,SO,2023-01-12 15:39:51
509,Kormilovka,55.0026,74.1028,9.72,94,100,15.12,RU,2023-01-12 15:39:52
510,Flin Flon,54.7682,-101.865,8.44,92,100,5.75,CA,2023-01-12 15:39:52
511,Svetlaya,46.5389,138.3297,22.53,88,17,6.93,RU,2023-01-12 15:39:52
512,Mega,4.05,38.3,71.13,25,32,11.16,ET,2023-01-12 15:39:53
513,La Rioja,42.25,-2.5,47.98,71,100,2.08,ES,2023-01-12 15:39:53
514,Xocali,39.913,46.7903,25.57,96,100,0.27,AZ,2023-01-12 15:39:53
515,Vozhega,60.4725,40.2213,17.78,90,100,12.46,RU,2023-01-12 15:39:54
516,Maldonado,-34.6667,-54.9167,78.19,42,46,13.76,UY,2023-01-12 15:39:54
517,Chajul,15.4853,-91.0342,60.84,53,1,3.56,GT,2023-01-12 15:39:54
518,Idil,37.3411,41.8895,42.73,45,0,1.14,TR,2023-01-12 15:39:55
519,Kazachinskoye,57.6953,93.2761,-14.42,96,60,5.21,RU,2023-01-12 15:39:55
520,Amalapuram,16.5833,82.0167,67.19,83,65,3.51,IN,2023-01-12 15:39:55
521,Paramonga,-10.6667,-77.8333,73.69,70,92,11.77,PE,2023-01-12 15:39:56
522,Vanimo,-2.6741,141.3028,77.25,88,100,2.42,PG,2023-01-12 15:39:56
523,Fuxin,42.0156,121.6589,36.05,99,100,2.91,CN,2023-01-12 15:39:56
524,Muravlenko,63.7898,74.523,-0.33,97,99,7.29,RU,2023-01-12 15:39:57
525,Baijiantan,45.6333,85.1833,-3.62,87,2,6.13,CN,2023-01-12 15:39:57
526,Kamenskiy,50.8855,45.488,5.2,92,29,8.05,RU,2023-01-12 15:39:57
527,Worthington,40.0931,-83.018,50.11,97,100,8.05,US,2023-01-12 15:35:38
528,Lysyye Gory,51.5506,44.8414,6.76,86,14,10.71,RU,2023-01-12 15:39:58
529,Papagaios,-19.4492,-44.7478,79.16,71,97,4.12,BR,2023-01-12 15:39:58
530,Dalby,-27.1833,151.2667,67.98,77,78,1.99,AU,2023-01-12 15:39:58
531,Bardiyah,31.7561,25.0865,59.23,63,16,13.89,LY,2023-01-12 15:39:59
532,Saint-Joseph,-21.3667,55.6167,73.09,79,98,9.73,RE,2023-01-12 15:39:59
533,Xai-Xai,-25.0519,33.6442,78.35,78,16,10.69,MZ,2023-01-12 15:39:59
534,Unidos,8.5942,123.668,75.7,91,100,4.5,PH,2023-01-12 15:40:00
535,Pasni,25.2631,63.471,54.54,34,0,32.55,PK,2023-01-12 15:40:00
536,Catalina,32.5056,-110.9211,52.05,51,53,1.99,US,2023-01-12 15:40:01
537,Lamar,33.6668,-95.5836,46.36,68,100,20.71,US,2023-01-12 15:40:01
538,Ambulu,-8.345,113.6058,76.48,83,98,1.66,ID,2023-01-12 15:40:02
539,Le Vauclin,14.5452,-60.8388,82.45,74,75,17.27,MQ,2023-01-12 15:40:02
540,Progreso,21.2833,-89.6667,77.11,64,5,8.5,MX,2023-01-12 15:40:03
541,Waitati,-45.75,170.5667,47.89,93,16,2.08,NZ,2023-01-12 15:40:04
542,Ikom,5.9667,8.7063,96.31,14,5,5.57,NG,2023-01-12 15:40:04
543,Alice Springs,-23.7,133.8833,88.21,40,3,4.61,AU,2023-01-12 15:40:05
544,Mahajanga,-15.7167,46.3167,84.22,74,40,8.05,MG,2023-01-12 15:40:05
545,Honiara,-9.4333,159.95,76.5,89,80,1.25,SB,2023-01-12 15:40:06
546,Tahta,26.7693,31.5021,60.98,40,4,9.06,EG,2023-01-12 15:40:06
547,Avera,33.194,-82.5271,65.55,84,91,14.41,US,2023-01-12 15:40:07
548,Anastacio,-20.4836,-55.8069,86.54,62,42,9.28,BR,2023-01-12 15:38:27
549,Bebedouro,-20.9494,-48.4792,78.75,72,95,4.88,BR,2023-01-12 15:41:07
550,Kyra,49.5776,111.9753,-10.48,71,98,9.84,RU,2023-01-12 15:41:08
